{
  "final_value": 266112.96299999993,
  "total_return": 1.6611296299999991,
  "annualized_return": 0.3800664593109824,
  "spy_return": 0.8162386429284176,
  "alpha": 0.8448909870715815,
  "max_drawdown": 0.15045360662956833,
  "sharpe": 1.5783769914956725,
  "win_rate": 0.5853658536585366,
  "profit_factor": 4.558188539647523,
  "total_trades": 87,
  "avg_win": 9142.440041666667,
  "avg_loss": -2831.6016470588256,
  "risk_triggers": 12
}