{
  "final_value": 214523.08900000004,
  "total_return": 1.1452308900000006,
  "annualized_return": 0.28557229981998167,
  "spy_return": 0.8162386429284176,
  "alpha": 0.3289922470715829,
  "max_drawdown": 0.20262486679323435,
  "sharpe": 1.3356049718687193,
  "win_rate": 0.6111111111111112,
  "profit_factor": 3.6713507507895264,
  "total_trades": 77,
  "avg_win": 7418.443136363636,
  "avg_loss": -3175.276428571429,
  "risk_triggers": 12
}