{
  "final_value": 217022.63700000002,
  "total_return": 1.17022637,
  "annualized_return": 0.2904831367718381,
  "spy_return": 0.8162386429284176,
  "alpha": 0.3539877270715823,
  "max_drawdown": 0.16098525128709437,
  "sharpe": 1.3230648208724212,
  "win_rate": 0.56,
  "profit_factor": 4.914951262955095,
  "total_trades": 54,
  "avg_win": 10862.228357142856,
  "avg_loss": -2812.7754545454536
}