{
  "final_value": 197057.74700000003,
  "total_return": 0.9705774700000003,
  "annualized_return": 0.250138671115949,
  "spy_return": 0.8162386429284176,
  "alpha": 0.15433882707158264,
  "max_drawdown": 0.22604772158296893,
  "sharpe": 1.150213437347597,
  "win_rate": 0.5357142857142857,
  "profit_factor": 3.620340904911048,
  "total_trades": 60,
  "avg_win": 9284.746799999999,
  "avg_loss": -2959.160384615384,
  "risk_triggers": 10
}