{
  "2023-01": 0.06473855999999989,
  "2023-02": 0.020960910817393374,
  "2023-03": 0.0031473802487445024,
  "2023-04": 0.023511894781024445,
  "2023-05": -0.027543105403561752,
  "2023-06": 0.025136574344592155,
  "2023-07": 0.04700769201450661,
  "2023-08": -0.05522695976266767,
  "2023-09": -0.05886012836522947,
  "2023-10": -0.018635657707546383,
  "2023-11": 0.07550472014457421,
  "2023-12": 0.051973524201790244,
  "2024-01": 0.018365880352589237,
  "2024-02": 0.03134857858944318,
  "2024-03": 0.006938481205972291,
  "2024-04": -0.0753621324835636,
  "2024-05": 0.03293466142800838,
  "2024-06": 0.031148101811996343,
  "2024-07": -0.04801357503125736,
  "2024-08": -0.020748884954601587,
  "2024-09": 0.032418487037341626,
  "2024-10": -0.021798475908719417,
  "2024-11": 0.0967963705857442,
  "2024-12": -0.008638155021118976,
  "2025-01": 0.04915765000208716,
  "2025-02": -0.05212741713396074,
  "2025-03": -0.08058451214034801,
  "2025-04": -0.06033044453047964,
  "2025-05": 0.05474329859297922,
  "2025-06": 0.026237395889980863,
  "2025-07": 0.026476186422983883,
  "2025-08": 0.031370951964401206,
  "2025-09": -0.018677675150027273,
  "2025-10": 0.06352000663879953,
  "2025-11": -0.0023399536596322434,
  "2025-12": 0.014541755596645833,
  "2026-01": 0.0261182626221812
}