{
  "final_value": 367995.6833,
  "total_return": 2.679956833,
  "annualized_return": 0.2405752604471818,
  "spy_return": 1.129036229876566,
  "alpha": 1.550920603123434,
  "max_drawdown": 0.23618268017165236,
  "sharpe": 1.0910622873917224,
  "win_rate": 0.53125,
  "profit_factor": 2.846797808234395,
  "total_trades": 197,
  "avg_win": 8595.260925490196,
  "avg_loss": -3421.8431977777796,
  "risk_triggers": 34,
  "theme_updates": 106
}