{
  "final_value": 430977.72849999997,
  "total_return": 3.309777285,
  "annualized_return": 0.2734313191250346,
  "spy_return": 1.129036229876566,
  "alpha": 2.180741055123434,
  "max_drawdown": 0.24486082054615885,
  "sharpe": 1.2475364498846806,
  "win_rate": 0.5777777777777777,
  "profit_factor": 3.060697288844337,
  "total_trades": 185,
  "avg_win": 8452.055844230768,
  "avg_loss": -3778.868036842107,
  "risk_triggers": 34,
  "theme_updates": 106
}