{
  "final_value": 177109.29650000003,
  "total_return": 0.7710929650000002,
  "annualized_return": 0.20698680097448574,
  "spy_return": 0.8162386429284176,
  "alpha": -0.045145677928417394,
  "max_drawdown": 0.15951403792748486,
  "sharpe": 1.416811088853166,
  "win_rate": 0.5,
  "profit_factor": 2.170901066653182,
  "total_trades": 254,
  "stock_trades": 124,
  "avg_win": 1777.5203758064515,
  "avg_loss": -818.7938193548384,
  "regime_distribution": {
    "defensive": 8,
    "offensive": 20,
    "neutral": 9
  },
  "circuit_breaker_triggers": {
    "watch": 4,
    "caution": 3,
    "danger": 2
  },
  "cold_start_months": 0
}